{
    "scrappUrlFilter_requiredRegex":"\/news\/.+?\/\\d{4,}",
    "scrappUrlFilter_requiredRegex_comment":"For Example: http:\/\/www.dailytrust.com.ng\/news\/general\/arms-deal-judge-orders-agf-to-produce-dasuki\/129904.html",
    "datePatterns":["MMM dd yyyy h:mma"],
    "datePatterns_comment":"Example: Jan 20 2016 1:38PM",
    "defaultValues":{
        "author":"Daily Trust",
        "categories":"news"
    },
    "isTitleGeneric":false,
    "isTitleInUrl":false,
    "targetNode0":{
        "transverse":["<div id=\"wrapper\">","<div class=\"container\">","<div class=\"full-width\">","<div class=\"left-sidebar\">","<div id=\"${@regex(.+?)}\" class=\"fleft\">","<span class=\"fullstory\">"],
        "attributes":{
            "class":"fullstory"
        },
        "append":false,
        "value":"SPAN",
        "columns":["content"]
    },
    "targetNode1":{
        "nodeTypesToAccept":["text"],
        "transverse":["<div id=\"wrapper\">","<div class=\"container\">","<div class=\"full-width\">","<div class=\"left-sidebar\">","<div id=\"${@regex(.+?)}\" class=\"story\">","<div class=\"cathead\"> <span class=\"deck\"> <div class=\"${@regex(.+?)}\"> <h1>"],
        "append":false,
        "value":"H1",
        "columns":["title"]
    },
    "targetNode2":{
        "nodeTypesToAccept":["text"],
        "transverse":["<div id=\"wrapper\">","<div class=\"container\">","<div class=\"full-width\">","<div class=\"left-sidebar\">","<div id=\"${@regex(.+?)}\" class=\"story\">","<div class=\"cathead\"> <span class=\"deck\"> <div class=\"${@regex(.+?)}\"> <h1> <span class=\"fleft storydate\">"],
        "attributes":{
            "class":"fleft storydate"
        },
        "append":false,
        "value":"SPAN",
        "columns":["author"]
    },
    "targetNode3":{
        "nodeTypesToAccept":["text"],
        "transverse":["<div id=\"wrapper\">","<div class=\"container\">","<div class=\"full-width\">","<div class=\"left-sidebar\">","<div id=\"${@regex(.+?)}\" class=\"story\">","<div class=\"cathead\"> <span class=\"deck\"> <div class=\"${@regex(.+?)}\"> <h1> <span class=\"fleft storydate\">"],
        "attributes":{
            "class":"fleft storydate"
        },
        "append":false,
        "value":"SPAN",
        "columns":["feeddate"]
    },
    "targetNode4":{
        "nodeTypesToAccept":["tag"],
        "transverse":["<div id=\"wrapper\">","<div class=\"container\">","<div class=\"full-width\">","<div class=\"left-sidebar\">","<div id=\"${@regex(.+?)}\" class=\"story\">","<span class=\"fleft storypic\">","<div style=\"${@regex(.+?)}\">","<IMG>"],
        "append":false,
        "value":"IMG",
        "attributesRegex":{
            "title":".+?",
            "alt":".+?",
            "src":".+?"
        },
        "columns":["imageurl"],
        "nodesToRetainAttributes":["IMG"],
        "attributesToExtract":["src"]
    },
    "targetNode5":{
        "nodeTypesToAccept":["text"],
        "transverse":["<div id=\"wrapper\">","<div class=\"container\">","<div class=\"full-width\">","<div class=\"left-sidebar\">","<div id=\"${@regex(.+?)}\" class=\"fleft\">","<span class=\"fullstory\">","<p style=\"${@regex(.+?)}\">"],
        "attributes":{
            "style":"text-align: justify;"
        },
        "append":true,
        "value":"P",
        "columns":["description"]
    },
    "url":{
        "start":"http:\/\/www.dailytrust.com.ng",
        "value":"http:\/\/www.dailytrust.com.ng"
    }
}