{
    "append":false,
    "crawlLimit":5000,
    "datePatterns":["dd MMM yyyy"],
    "defaultTitle":"idisc - You Need To Know!",
    "defaultValues":{ 
        "categories":"news"
    },
    "keys":{ },
    "maxBreaktagsBetween":2,
    "maxExpressions":20,
    "maxFiltersPerKey":20,
    "minDataToAccept":2,
    "nodeTypesToAccept":["tag","text"],
    "nodesToAccept":["A","APPLET","ARTICLE","BASE","BODY","COL","COLGROUP","UL","OL","LI","DL","DD","DT","DIV","FIELDSET","FORM","FONT","FRAMESET","FRAME","HEAD","H1","H2","H3","H4","H5","H6","HTML","INS","IMG","ISINDEX","KBD","LABEL","MAP","OBJECT","P","SPAN","STRONG","TBODY","TFOOT","TD","TH","THEAD","TR","TABLE","TEXTAREA","TITLE"],
    "nodesToRetainAttributes":["!DOCTYPE","HTML","A","IMG"],
    "parentNode":{
        "nodeTypesToAccept":["tag","text"]
    },
    "parseLimit":500,
    "partSeparator":"<BR itemtype=\"extractorProperty\" propertyname=\"partSeparator\"\/>",
    "replaceNonBreakingSpace":false,
    "scrappLimit":50,
    "tables":["feed"],
    "uploadParameters":{ },
    "urlDatePatterns":["yyyy/MM/dd", "yyyy/MM", "dd/MM/yyyy", "MM/yyyy"]
}