{
    "scrappUrlFilter_requiredRegex":"\/\\d{4}\/\\d{1,2}\/",
    "scrappUrlFilter_requiredRegex_comment":"For Example: \/2015\/02\/the-president-is-available.html",
    "datePatterns":["dd/MM/yyyy HH:mm a", "EEEE',' MMMM dd',' yyyy","EEEE, MMMM dd, yyyy"],
    "datePatterns_comment":"Example: 30/09/2017 10:13 AM or Thursday, February 5, 2015",
    "defaultValues":{
        "author":"Linda Ikeji",
        "categories":"blog,entertainment"
    },
    "isTitleGeneric":true,
    "isTitleInUrl":true,
    "targetNode0":{
        "append":false,
        "attributes":{
            "class":"title"
        },
        "transverse":["<h1 class=\"title\">"],
        "columns":["description","title"],
        "value":"H1"
    },
    "targetNode1":{
        "nodeTypesToAccept":["tag","text"],
        "append":false,
        "transverse":["<div class=\"${@regex(.+?)} main_board\">","<div class=\"row\">","<div class=\"col-md-12\">","<article class=\"big_story\" style=\"${@regex(.+?)}\">","<h1 class=\"title\"> <br \/> <summary class=\"description\" style=\"${@regex(.+?)}\"> <br \/> <p style=\"${@regex(.+?)}\"> <div class=\"text-center\"> <p>"],
        "columns":["description"],
        "value":"P"
    },
    "targetNode2":{
        "append":false,
        "attributes":{
            "style":"word-wrap: break-word;",
            "class":"big_story"
        },
        "transverse":["<div class=\"${@regex(.+?)} main_board\">","<div class=\"row\">","<div class=\"col-md-12\">","<article class=\"big_story\" style=\"${@regex(.+?)}\">"],
        "columns":["content"],
        "value":"ARTICLE"
    },
    "targetNode3":{
        "append":false,
        "attributes":{
            "class":"post_age"
        },
        "transverse":["<div class=\"${@regex(.+?)} main_board\">","<div class=\"row\">","<div class=\"col-md-12\">","<article class=\"big_story\" style=\"${@regex(.+?)}\">","<div class=\"meta\">","<A> <div class=\"post_age\">"],
        "columns":["author"],
        "value":"DIV"
    },
    "targetNode4":{
        "append":false,
        "attributes":{
            "class":"post_age"
        },
        "transverse":["<div class=\"${@regex(.+?)} main_board\">","<div class=\"row\">","<div class=\"col-md-12\">","<article class=\"big_story\" style=\"${@regex(.+?)}\">","<div class=\"meta\">","<A> <div class=\"post_age\">"],
        "columns":["feeddate"],
        "value":"DIV"
    },
    "targetNode5":{
        "nodeTypesToAccept":["tag"],
        "nodesToRetainAttributes":["IMG"],
        "append":false,
        "attributesToExtract":["src"],
        "transverse":["<div class=\"${@regex(.+?)} main_board\">","<div class=\"row\">","<div class=\"col-md-12\">","<p style=\"${@regex(.+?)}\">","<IMG>"],
        "columns":["imageurl"],
        "value":"IMG",
        "attributesRegex":{
            "src":".+?",
            "alt":".*?",
            "style":".+?",
            "class":"img-responsive text-center"
        }
    },
    "url":{
        "_note":"http:\/\/lindaikeji.blogspot.com\/ redirects to http:\/\/www.lindaikejisblog.com\/",
        "start":"http:\/\/www.lindaikejisblog.com\/",
        "value":"http:\/\/www.lindaikejisblog.com\/"
    }
}