{
    "scrappUrlFilter_requiredRegex":"\/\\d{5,}-(.+?)\\.html",
    "scrappUrlFilter_requiredRegex_comment":"For Example: \/407999-chad-niger-cameroon-forces-reclaim-nigerian-territories.html",
    "datePatterns":["yyyy-MM-dd'T'HH:mm:ss"],
    "datePatterns_comment":"Example: 2015-06-17T18:51:20+0200",
    "defaultValues":{
        "categories":"news,latest"
    },
    "isTitleGeneric":true,
    "isTitleInUrl":true,
    "targetNode0":{
        "append":false,
        "attributes":{
            "class":"a__title",
            "itemprop":"headline"
        },
        "columns":["title"],
        "transverse":["<HTML>","<BODY>","<article class=\"a\">","<div class=\"con\" itemscope itemtype=\"${@regex(.+?)}\">","<div class=\"a__lead\">","<h1 class=\"a__title\" itemprop=\"${@regex(.+?)}\">"],
        "value":"H1"
    },
    "targetNode1":{
        "append":false,
        "attributes":{
            "class":"a__author"
        },
        "columns":["author"],
        "transverse":["<HTML>","<BODY>","<article class=\"a\">","<div class=\"con\" itemscope itemtype=\"${@regex(.+?)}\">","<div class=\"a__lead\">","<p class=\"a__info\">","<span class=\"a__author\">"],
        "value":"SPAN"
    },
    "targetNode2":{
        "append":true,
        "columns":["description"],
        "nodeTypesToAccept":["tag","text"],
        "transverse":["<HTML>","<BODY>","<article class=\"a\">","<div class=\"con\" itemscope itemtype=\"${@regex(.+?)}\">","<div class=\"a__wrapper\">","<div class=\"a__content cf\" itemprop=\"${@regex(.+?)}\">","<p>","<strong>"],
        "value":"STRONG"
    },
    "targetNode3":{
        "append":false,
        "attributes":{
            "itemprop":"articleBody",
            "class":"a__content js-mediator-article cf"
        },
        "columns":["content"],
        "transverse":["<HTML>","<BODY>","<article class=\"a\">","<div class=\"con\" itemscope itemtype=\"${@regex(.+?)}\">","<div class=\"a__wrapper\">","<div class=\"a__share--top\" data-block=\"${@regex(.+?)}\"> <div class=\"a__share--float\" data-block=\"${@regex(.+?)}\"> <div class=\"a__content js-mediator-article cf\" itemprop=\"${@regex(.+?)}\">"],
        "value":"DIV"
    },
    "targetNode4":{
        "append":false,
        "attributes":{
            "class":"a__content cf",
            "itemprop":"articleBody"
        },
        "columns":["content"],
        "transverse":["<HTML>","<BODY>","<article class=\"a\">","<div class=\"con\" itemscope itemtype=\"${@regex(.+?)}\">","<div class=\"a__wrapper\">","<div class=\"a__share--top\" data-block=\"${@regex(.+?)}\"> <div class=\"a__share--float\" data-block=\"${@regex(.+?)}\"> <div class=\"a__content cf\" itemprop=\"${@regex(.+?)}\">"],
        "value":"DIV"
    },
    "targetNode5":{
        "append":false,
        "attributes":{
            "class":"a__tags",
            "itemprop":"keywords"
        },
        "columns":["keywords"],
        "transverse":["<HTML>","<BODY>","<article class=\"a\">","<div class=\"con\" itemscope itemtype=\"${@regex(.+?)}\">","<div class=\"a__wrapper\">","<div class=\"a__tags\">","<span itemprop=\"${@regex(.+?)}\" class=\"a__tags\">"],
        "value":"SPAN"
    },
    "targetNode6":{
        "append":false,
        "attributesRegex":{
            "src":".+?"
        },
        "attributesToExtract":["src"],
        "columns":["imageurl"],
        "nodeTypesToAccept":["tag"],
        "nodesToRetainAttributes":["IMG"],
        "transverse":["<div itemprop=\"image\" itemscope itemtype=\"https:\/\/schema.org\/ImageObject\">","<IMG>"],
        "value":"IMG"
    },
    "targetNode7":{
        "append":false,
        "attributesRegex":{
            "alt":".+?",
            "class":".+?",
            "height":".+?",
            "src":".+?",
            "width":".+?"
        },
        "attributesToExtract":["src"],
        "columns":["imageurl"],
        "nodeTypesToAccept":["tag"],
        "nodesToRetainAttributes":["IMG"],
        "transverse":["<HTML>","<BODY>","<article class=\"a\">","<div class=\"con\" itemscope itemtype=\"${@regex(.+?)}\">","<div class=\"a__wrapper\">","<div class=\"a__content cf\" itemprop=\"${@regex(.+?)}\">","<div id=\"${@regex(.+?)}\" style=\"${@regex(.+?)}\" class=\"wp-caption alignnone\">","<IMG>"],
        "value":"IMG"
    },
    "url":{
        "start":"https:\/\/www.naij.com\/latest",
        "value":"https:\/\/www.naij.com"
    }
}