{
    "scrappUrlFilter_requiredRegex":"\/\\w+?-",
    "scrappUrlFilter_requiredRegex_comment":"For Example: \/abc-party-wins-elections-in-nigeria\/",
    "datePatterns":["yyyy-MM-dd'T'HH:mm:ss","MMMM dd, yyyy"],
    "datePatterns_comment":"Example: 2015-01-09T22:15:18+00:00, OR: October 10, 2015",
    "targetNode0":{
        "append":false,
        "attributes":{
            "class":"entry-content"
        },
        "columns":["content"],
        "transverse":["<HTML>","<BODY>","<div id=\"wrap\">","<div id=\"inner\">","<div id=\"content-sidebar-wrap\">","<div id=\"content\" class=\"hfeed\">","<div class=\"${@regex(.+?)}\">","<h1 class=\"entry-title\"> <div class=\"post-info\"> <span class='st_facebook_buttons' st_title='${@regex(.+?)}' st_url='${@regex(.+?)}' displayText='share'> <span class='st_twitter_buttons' st_title='${@regex(.+?)}' st_url='${@regex(.+?)}' displayText='share'> <span class='st_email_buttons' st_title='${@regex(.+?)}' st_url='${@regex(.+?)}' displayText='share'> <span class='st_fblike_buttons' st_title='${@regex(.+?)}' st_url='${@regex(.+?)}' displayText='share'> <span class='st_plusone_buttons' st_title='${@regex(.+?)}' st_url='${@regex(+?)}' displayText='plusone'> <p style=\"${@regex(.+?)}\" id=\"print-page-link\"> <br \/> <br \/> <div class=\"entry-content\">"],
        "value":"DIV"
    },
    "targetNode1":{
        "append":false,
        "attributesRegex":{
            "class":"date published time",
            "title":".+?"
        },
        "attributesToExtract":["title"],
        "columns":["feeddate"],
        "nodeTypesToAccept":["tag"],
        "nodesToRetainAttributes":["SPAN"],
        "transverse":["<HTML>","<BODY>","<div id=\"wrap\">","<div id=\"inner\">","<div id=\"content-sidebar-wrap\">","<div id=\"content\" class=\"hfeed\">","<div class=\"${@regex(.+?)}\">","<div class=\"post-info\">","<span class=\"date published time\" title=\"${@regex(.+?)}\">"],
        "value":"SPAN"
    },
    "targetNode2":{
        "append":false,
        "attributesRegex":{
            "title":".+?",
            "class":"date published time"
        },
        "columns":["feeddate"],
        "nodeTypesToAccept":["text"],
        "transverse":["<HTML>","<BODY>","<div id=\"wrap\">","<div id=\"inner\">","<div id=\"content-sidebar-wrap\">","<div id=\"content\" class=\"hfeed\">","<div class=\"${@regex(.+?)}\">","<div class=\"post-info\">","<span class=\"date published time\" title=\"${@regex(.+?)}\">"],
        "value":"SPAN"
    },
    "targetNode3":{
        "append":false,
        "attributesRegex":{
            "title":".+?",
            "class":"date published time"
        },
        "columns":["author"],
        "nodeTypesToAccept":["text"],
        "transverse":["<HTML>","<BODY>","<div id=\"wrap\">","<div id=\"inner\">","<div id=\"content-sidebar-wrap\">","<div id=\"content\" class=\"hfeed\">","<div class=\"${@regex(.+?)}\">","<div class=\"post-info\">","<span class=\"date published time\" title=\"${@regex(.+?)}\">"],
        "value":"SPAN"
    },
    "targetNode4":{
        "append":false,
        "attributes":{
            "class":"entry-title"
        },
        "columns":["title"],
        "transverse":["<HTML>","<BODY>","<div id=\"wrap\">","<div id=\"inner\">","<div id=\"content-sidebar-wrap\">","<div id=\"content\" class=\"hfeed\">","<div class=\"${@regex(.+?)}\">","<h1 class=\"entry-title\">"],
        "value":"H1"
    },
    "targetNode5":{
        "append":false,
        "attributes":{
            "id":"content"
        },
        "columns":["content"],
        "transverse":["<HTML>","<BODY>","<div id=\"wrap\">","<div id=\"inner\">","<div id=\"content-sidebar-wrap\">","<div class=\"breadcrumb\"> <div id=\"content\" class=\"hfeed\">"],
        "value":"DIV"
    },
    "url":{
        "start":"http:\/\/www.punchng.com\/news\/",
        "value":"http:\/\/www.punchng.com\/news\/"
    }
}