{
    "scrappUrlFilter_requiredRegex":"\/article\/.+?-\\d{5,}",
    "scrappUrlFilter_requiredRegex_comment":"For Example: \/article\/the-president-is-available-32109",
    "datePatterns":["MMMM dd, yyyy"],
    "datePatterns_comment":"Example: September 24, 2016",
    "defaultValues":{
        "author":"The News Minute",
        "categories":"news"
    },
    "imageUrl_unwantedRegex":"\/default\/files\/logo_0|\/newsminute\/img\/search_2|\/newsminute\/img\/fb_2",
    "targetNode0":{
        "append":false,
        "attributes":{
            "class":"page-title"
        },
        "columns":["title"],
        "transverse":["<HTML>","<BODY>","<div class=\"main-block-content header-top-space\">","<div class=\"container\">","<div class=\"region region-content\">","<div class=\"article-detail\">","<div class=\"page-title\">"],
        "value":"DIV"
    },
    "targetNode1":{
        "append":true,
        "attributes":{
            "class":"views-field views-field-field-blurb-news"
        },
        "columns":["description"],
        "nodeTypesToAccept":["tag","text"],
        "transverse":["<HTML>","<BODY>","<div class=\"main-block-content header-top-space\">","<div class=\"container\">","<div class=\"region region-content\">","<div class=\"article-detail\">","<div class=\"page-title\"> <div class=\"views-field views-field-field-blurb-news\">"],
        "value":"DIV"
    },
    "targetNode2":{
        "append":false,
        "attributes":{
            "class":"createddate"
        },
        "columns":["feeddate"],
        "transverse":["<HTML>","<BODY>","<div class=\"main-block-content header-top-space\">","<div class=\"container\">","<div class=\"region region-content\">","<div class=\"article-detail\">","<div id=\"node-${@regex(.+?)}\" class=\"node node-news clearfix\" about=\"\/article\/${@regex(.+?)}\" typeof=\"${@regex(.+?)}\">","<div class = \"createddate\">"],
        "value":"DIV"
    },
    "targetNode3":{
        "append":false,
        "columns":["author"],
        "transverse":["<HTML>","<BODY>","<div class=\"main-block-content header-top-space\">","<div class=\"container\">","<div class=\"region region-content\">","<div class=\"article-detail\">","<div id=\"node-${@regex(.+?)}\" class=\"node node-news clearfix\" about=\"\/article\/${@regex(.+?)}\" typeof=\"${@regex(.+?)}\">","<div class=\"body-content\">","<p>","<strong>"],
        "value":"STRONG"
    },
    "targetNode4":{
        "append":false,
        "attributes":{
            "class":"body-content"
        },
        "columns":["content"],
        "transverse":["<HTML>","<BODY>","<div class=\"main-block-content header-top-space\">","<div class=\"container\">","<div class=\"region region-content\">","<div class=\"article-detail\">","<div id=\"node-${@regex(.+?)}\" class=\"node node-news clearfix\" about=\"\/article\/${@regex(.+?)}\" typeof=\"${@regex(.+?)}\">","<div class = \"createddate\"> <div class = \"author-follow\"> <div class = \"createddate\"> <div class=\"main-image\"> <div class=\"share-links-wrapper\"> <div class=\"body-content\">"],
        "value":"DIV"
    },
    "targetNode5":{
        "append":false,
        "attributes":{
            "class":"region region-content"
        },
        "columns":["content"],
        "transverse":["<HTML>","<BODY>","<div class=\"main-block-content header-top-space\">","<div class=\"container\">","<div class=\"region region-content\">"],
        "value":"DIV"
    },
    "targetNode6":{
        "append":false,
        "attributesRegex":{
            "src":".+?"
        },
        "attributesToExtract":["src"],
        "columns":["imageurl"],
        "nodeTypesToAccept":["tag"],
        "nodesToRetainAttributes":["IMG"],
        "transverse":["<HTML>","<BODY>","<div class=\"main-block-content header-top-space\">","<div class=\"container\">","<div class=\"region region-content\">","<div class=\"view view-single-article-page ${@regex(.+?)}\">","<div class=\"view-content\">","<div class=\"views-row views-row-1\">","<div class=\"views-field views-field-php-${@regex(\\d{1})}\">","<span class=\"field-content singe-article-image\">","<div class=\"single-article-page-image\">","<IMG>"],
        "transverse_original":["<HTML>","<BODY>","<div class=\"main-block-content header-top-space\">","<div class=\"container\">","<div class=\"region region-content\">","<div class=\"view view-single-article-page view-id-single_article_page view-display-id-block_1 view-dom-id-747be2a2056b4b4915a111938567b24b\">","<div class=\"view-content\">","<div class=\"views-row views-row-1\">","<div class=\"views-field views-field-php-4\">","<span class=\"field-content singe-article-image\">","<div class=\"single-article-page-image\">","<IMG>"],
        "value":"IMG"
    },
    "targetNode7":{
        "append":false,
        "attributesRegex":{
            "src":".+?"
        },
        "attributesToExtract":["src"],
        "columns":["imageurl"],
        "nodeTypesToAccept":["tag"],
        "nodesToRetainAttributes":["IMG"],
        "transverse":["<HTML>","<BODY>","<div class=\"main-block-content header-top-space\">","<div class=\"container\">","<div class=\"region region-content\">","<div class=\"article-detail\">","<div id=\"node-${@regex(.+?)}\" class=\"node node-news clearfix\" about=\"\/article\/${@regex(.+?)}\" typeof=\"${@regex(.+?)}\">","<div class=\"main-image\">","<IMG>"],
        "value":"IMG"
    },
    "url":{
        "start":"http:\/\/www.thenewsminute.com\/",
        "value":"http:\/\/www.thenewsminute.com\/"
    }
}