{
    "datePatterns":["yyyy-MM-dd'T'HH:mm:ss"],
    "datePatterns_comment":"Example: 2015-06-17T18:51:20+0200",
    "defaultValues":{
        "categories":"news,latest"
    },
    "isTitleInUrl":true,
    "scrappUrlFilter_requiredRegex":"\/\\d{5,}-(.+?)\\.html",
    "scrappUrlFilter_requiredRegex_comment":"For Example: \/407999-chad-niger-cameroon-forces-reclaim-nigerian-territories.html",
    "selectorConfigList":[
        {
            "append":false,
            "ids":["content"],
            "transverse_raw":["<HTML>","<BODY>","<div class=\"content js-content content--post-page\">","<div class=\"grid__container h-entry js-infinite\">","<div class=\"grid__row\">","<div class=\"grid__b-7 grid__m-10\">","<article class=\"article__body slab e-content io-article-body\">"],
            "transverse":["<HTML>","<BODY>","<div class=\"#matches(.+?)\">","<div class=\"#matches(.+?)\">","<div class=\"#matches(.+?)\">","<div class=\"#matches(.+?)\">","<article class=\"#matches(.+?)\">"]
        },
        {
            "append":false,
            "ids":["author"],
            "transverse_raw":["<HTML>","<BODY>","<div class=\"content js-content content--post-page\">","<div class=\"grid__container h-entry js-infinite\">","<div class=\"clearfix article-info\">","<div class=\"article-info__post article-post\">","<p class=\"article-post__author io-author\">","<span> <A>"],
            "transverse":["<HTML>","<BODY>","<div class=\"#matches(.+?)\">","<div class=\"#matches(.+?)\">","<div class=\"#matches(.+?)\">","<div class=\"#matches(.+?)\">","<p class=\"#contains(author)\">","<span> <A href=\"#matches(.+?)\" class=\"#matches(.+?)\">"]
        },
        {
            "append":false,
            "ids":["author"],
            "transverse_raw":["<HTML>","<BODY>","<div class=\"content js-content content--post-page\">","<div class=\"grid__container h-entry js-infinite\">","<div class=\"clearfix article-info\">","<div class=\"article-info__post article-post\">","<p class=\"article-post__author io-author\">"],
            "transverse":["<HTML>","<BODY>","<div class=\"#matches(.+?)\">","<div class=\"#matches(.+?)\">","<div class=\"#matches(.+?)\">","<div class=\"#matches(.+?)\">","<p class=\"#contains(author)\">"]
        },
        {
            "append":false,
            "ids":["categories"],
            "transverse_raw":["<HTML>","<BODY>","<div class=\"content js-content content--post-page\">","<div class=\"grid__container h-entry js-infinite\">","<div class=\"clearfix article-info\">","<div class=\"article-info__post article-post\">","<p class=\"article-post__author io-author\"> <p class=\"article-post__updated\"> <p class=\"article-post__view\"> <p class=\"article-post__category io-category\">"],
            "transverse":["<HTML>","<BODY>","<div class=\"#matches(.+?)\">","<div class=\"#matches(.+?)\">","<div class=\"#matches(.+?)\">","<div class=\"#matches(.+?)\">","<p class=\"#contains(author)\"> <p class=\"#matches(.+?)\"> <p class=\"#matches(.+?)\"> <p class=\"#contains(category)\">"]
        },
        {
            "nodeTypesToAccept":["tag"],
            "append":false,
            "attributesToExtract":["src"],
            "ids":["imageurl"],
            "transverse_raw":["<HTML>","<BODY>","<div class=\"content js-content content--post-page\">","<div class=\"grid__container h-entry js-infinite\">","<div class=\"grid__row\">","<div class=\"grid__b-7 grid__m-10\">","<article class=\"article__body slab e-content io-article-body\">","<div class=\"article-image\" style=\"width:900px\">","<IMG>"],
            "transverse":["<HTML>","<BODY>","<div class=\"#matches(.+?)\">","<div class=\"#matches(.+?)\">","<div class=\"#matches(.+?)\">","<div class=\"#matches(.+?)\">","<article class=\"#contains(article)\">","<div class=\"#matches(.+?)\" style=\"#matches(.+?)\">","<IMG src=\"#matches(.+?)\" width=\"#matches(.+?)\" alt=\"#matches(.+?)\" title=\"#matches(.+?)\" class=\"#matches(.+?)\">"]
        },
        {
            "append":false,
            "ids":["title"],
            "transverse_raw":["<HTML>","<BODY>","<div class=\"content js-content content--post-page\">","<div class=\"grid__container h-entry js-infinite\">","<div id=\"div-gpt-ad-1489746438358-0\" class=\"adv adv--padding-top-bottom\" data-name=\"big_1\" data-slot=\"\/76590364\/naij_01\"> <IMG> <section\n    class=\"article js-article\"\n    itemprop=\"article\"\n    data-io-article-url=\"https:\/\/www.naija.ng\/1174128-28-yr-man-lagos-hacks-a-banks-app-steals-n207m-photo.html\"\n    data-article-id=\"1174128\"\n    data-article-href=\"https:\/\/www.naija.ng\/1174128-28-yr-man-lagos-hacks-a-banks-app-steals-n207m-photo.html\"\n> <h1 class=\"article__headline p-name js-article-headline\">"],
            "transverse":["<HTML>","<BODY>","<div class=\"#matches(.+?)\">","<div class=\"#matches(.+?)\">","<div id=\"#matches(.+?)\" class=\"#matches(.+?)\" data-name=\"#matches(.+?)\" data-slot=\"#matches(.+?)\"> <IMG> <section    class=\"#matches(.+?)\"    itemprop=\"article\"    data-io-article-url=\"#matches(.+?)\"    data-article-id=\"#matches(.+?)\"    data-article-href=\"#matches(.+?)\"> <h1 class=\"#contains(headline)\">"]
        }
    ],
    "url":{
        "start":"https:\/\/www.naij.com\/latest",
        "value":"https:\/\/www.naij.com"
    }
}