{
    "scrappUrlFilter_requiredRegex":"\/\\d{4}\/\\d{1,2}\/",
    "scrappUrlFilter_requiredRegex_comment":"For \/yyyy\/MM\/ Example: \/2014\/11\/",
    "datePatterns_comment":"Example: 2015-01-08T01:03:50+00:00 OR October 11, 2015",
    "datePatterns":["yyyy-MM-dd'T'HH:mm:ss","MMMM dd, yyyy"],
    "selectorConfigList":[
        {
            "append":false,
            "ids":["content"],
            "transverse":["<div id=\"content\">","<div id=\"main\" role=\"main\">","<article class=\"#matches(post-.+?)\" itemscope itemtype=\"http:\/\/schema.org\/NewsArticle\">","<div id=\"entryContainer\">","<div class=\"entry entry-content\" itemprop=\"articleBody\">"]
        },
        {
            "append":false,
            "ids":["feeddate"],
            "nodeTypesToAccept":["text"],
            "transverse":["<div id=\"content\">","<div id=\"main\" role=\"main\">","<article class=\"#matches(post-.+?)\" itemscope itemtype=\"http:\/\/schema.org\/NewsArticle\">","<p class=\"metaStuff\">","<time class=\"meta-time updated\" datetime=\"#matches(.+?)\" itemprop=\"datePublished\">"]
        },
        {
            "append":false,
            "attributesToExtract":["datetime"],
            "ids":["feeddate"],
            "nodeTypesToAccept":["tag"],
            "transverse":["<div id=\"content\">","<div id=\"main\" role=\"main\">","<article class=\"#matches(post-.+?)\" itemscope itemtype=\"http:\/\/schema.org\/NewsArticle\">","<p class=\"metaStuff\">","<time class=\"meta-time updated\" datetime=\"#matches(.+?)\" itemprop=\"datePublished\">"]
        },
        {
            "append":false,
            "ids":["author"],
            "transverse":["<div id=\"content\">","<div id=\"main\" role=\"main\">","<article class=\"#matches(post-.+?)\" itemscope itemtype=\"http:\/\/schema.org\/NewsArticle\">","<div id=\"entryContainer\">","<div class=\"entry entry-content\" itemprop=\"articleBody\">","<p>"]
        },
        {
            "append":false,
            "ids":["title"],
            "transverse":["<div id=\"content\">","<div id=\"main\" role=\"main\">","<article class=\"#matches(post-.+?)\" itemscope itemtype=\"http:\/\/schema.org\/NewsArticle\">","<h1 class=\"entry-title posttitle\" itemprop=\"name\">"]
        }
    ],
    "url":{
        "start":"http:\/\/www.vanguardngr.com\/",
        "value":"http:\/\/www.vanguardngr.com\/"
    }
}