{
    "captureUrlFilter_requiredRegex_comment":"For Example: \/2015\/02\/23\/the-president-is-available\/",
    "captureUrlFilter_requiredRegex":"\/\\d{4}\/\\d{1,2}\/\\d{1,2}\/",
    "datePatterns_comment":"Example: October 21, 2015",
    "datePatterns":["MMMM dd, yyyy"],
    "defaultValues":{ 
        "categories":"headlines,news"
    },
    "targetNode0":{
        "append":false,
        "attributesRegex":{
            "height":".+?",
            "alt":".+?",
            "width":".+?",
            "class":".+?",
            "src":".+?"
        },
        "attributesToExtract":["src"],
        "columns":["imageurl"],
        "nodeTypesToAccept":["tag"],
        "nodesToRetainAttributes":["IMG"],
        "transverse":["<HTML>","<BODY>","<div\nrole=\"main\">","<div\nclass=\"grid_panel\">","<div\nclass=\"container-wrapper\">","<div\nclass=\"container\">","<div\nid=\"africa\" class=\"pnl-section\">","<div\nclass=\"panel-group inner\">","<div\nclass=\"col-xs-12 col-sm-12 col-md-7 col-lg-7\">","<div\nclass=\"row\">","<div\nclass=\"col-lg-12\">","<p>","<A>","<IMG>"],
        "value":"IMG"
    },
    "targetNode1":{
        "append":false,
        "attributes":{
            "class":"col-lg-12"
        },
        "columns":["content"],
        "transverse":["<HTML>","<BODY>","<div\nrole=\"main\">","<div\nclass=\"grid_panel\">","<div\nclass=\"container-wrapper\">","<div\nclass=\"container\">","<div\nid=\"africa\" class=\"pnl-section\">","<div\nclass=\"panel-group inner\">","<div\nclass=\"col-xs-12 col-sm-12 col-md-7 col-lg-7\">","<div\nclass=\"row\">","<div\nclass=\"col-lg-12\">"],
        "value":"DIV"
    },
    "targetNode2":{
        "append":false,
        "columns":["author"],
        "transverse":["<HTML>","<BODY>","<div\nrole=\"main\">","<div\nclass=\"grid_panel\">","<div\nclass=\"container-wrapper\">","<div\nclass=\"container\">","<div\nclass=\"post-attribute\">","<div\nclass=\"row\">","<div\nclass=\"col-sm-6 col-md-8 col-lg-5\">","<div\nclass=\"post-attrib\">","<div\nclass=\"post-attribute-author\">","<strong>"],
        "value":"STRONG"
    },
    "targetNode3":{
        "append":false,
        "columns":["feeddate"],
        "transverse":["<HTML>","<BODY>","<div\nrole=\"main\">","<div\nclass=\"grid_panel\">","<div\nclass=\"container-wrapper\">","<div\nclass=\"container\">","<div\nclass=\"post-attribute\">","<div\nclass=\"row\">","<div\nclass=\"col-sm-6 col-md-8 col-lg-5\">","<div\nclass=\"post-attrib\">","<div\nclass=\"post-attribute-author\">","<strong>"],
        "value":"STRONG"
    },
    "targetNode4":{
        "append":false,
        "attributes":{
            "itemprop":"headline name",
            "class":"pg-headline"
        },
        "columns":["title"],
        "transverse":["<HTML>","<BODY>","<div\nrole=\"main\">","<div\nclass=\"grid_panel\">","<div\nclass=\"container-wrapper\">","<div\nclass=\"container\">","<div\nclass=\"panel-group\">","<div\nclass=\"row\">","<h2 class=\"pg-headline\" itemprop=\"headline name\">"],
        "value":"H2"
    },
    "targetNode5":{
        "append":true,
        "columns":["description"],
        "nodeTypesToAccept":["tag","text"],
        "transverse":["<HTML>","<BODY>","<div\nrole=\"main\">","<div\nclass=\"grid_panel\">","<div\nclass=\"container-wrapper\">","<div\nclass=\"container\">","<div\nid=\"africa\" class=\"pnl-section\">","<div\nclass=\"panel-group inner\">","<div\nclass=\"col-xs-12 col-sm-12 col-md-7 col-lg-7\">","<div\nclass=\"row\">","<div\nclass=\"col-lg-12\">","<p>","<A> <em> <strong>"],
        "value":"STRONG"
    },
    "url":{
        "start":"http:\/\/www.channelstv.com\/category\/headlines\/",
        "value":"http:\/\/www.channelstv.com\/"
    }
}