{
    "captureUrlFilter_requiredRegex":"\/\\d{4}\/\\d{1,2}\/",
    "captureUrlFilter_requiredRegex_comment":"For Example: \/2015\/02\/the-president-is-available.html",
    "datePatterns":["EEEE',' MMMM dd',' yyyy","EEEE, MMMM dd, yyyy"],
    "datePatterns_comment":"Example: Thursday, February 5, 2015",
    "defaultValues":{
        "author":"Linda Ikeji",
        "categories":"blog,entertainment"
    },
    "isTitleGeneric":true,
    "isTitleInUrl":true,
    "targetNode0":{
        "append":false,
        "attributes":{
            "class":"post-title entry-title",
            "itemprop":"name"
        },
        "attributesRegex":{
            "border":".+?",
            "height":".+?",
            "src":".+?",
            "width":".+?"
        },
        "attributesToExtract":["src"],
        "columns":["imageurl"],
        "nodeTypesToAccept":["tag"],
        "nodesToRetainAttributes":["IMG"],
        "transverse":["<div class='main section' id='main'>","<div class='widget Blog' data-version='${@regex(.+?)}' id='${@regex(.+?)}'>","<div class='blog-posts hfeed'>","<div class=\"date-outer\">","<div class=\"date-posts\">","<div class='post-outer'>","<div class='post hentry' itemprop='blogPost' itemscope='itemscope' itemtype='http:\/\/schema.org\/BlogPosting'>","<div class='post-body entry-content' id='${@regex(.+?)}' itemprop='description articleBody'>","<div class=\"separator\" style=\"${@regex(.+?)}\">","<A>","<IMG>"],
        "value":"IMG"
    },
    "targetNode1":{
        "append":false,
        "attributes":{
            "class":"post-title entry-title",
            "itemprop":"name"
        },
        "columns":["title"],
        "transverse":["<div class='main section' id='main'>","<div class='widget Blog' id='Blog2'>","<div class='blog-posts hfeed'>","<div class=\"date-outer\">","<div class=\"date-posts\">","<div class='post-outer'>","<div class='post hentry' itemprop='blogPost' itemscope='itemscope' itemtype='http:\/\/schema.org\/BlogPosting'>","<meta content='${@regex(.+?)}' itemprop='image_url'\/> <meta content='${@regex(.+?)}' itemprop='blogId'\/> <meta content='${@regex(.+?)}' itemprop='postId'\/> <A> <h3 class='post-title entry-title' itemprop='name'>"],
        "value":"H3"
    },
    "targetNode2":{
        "append":true,
        "attributes":{
            "class":"post-title entry-title",
            "itemprop":"name"
        },
        "columns":["description"],
        "nodeTypesToAccept":["text"],
        "transverse":["<div class='main section' id='main'>","<div class='widget Blog' data-version='${@regex(.+?)}' id='${@regex(.+?)}'>","<div class='blog-posts hfeed'>","<div class=\"date-outer\">","<div class=\"date-posts\">","<div class='post-outer'>","<div class='post hentry' itemprop='blogPost' itemscope='itemscope' itemtype='http:\/\/schema.org\/BlogPosting'>","<meta content='${@regex(.+?)}' itemprop='${@regex(.+?)}'\/> <meta content='${@regex(.+?)}' itemprop='${@regex(.+?)}'\/> <meta content='${@regex(.+?)}' itemprop='${@regex(.+?)}'\/> <A> <h3 class='post-title entry-title' itemprop='name'>"],
        "value":"H3"
    },
    "targetNode3":{
        "append":false,
        "attributesRegex":{
            "id":"post-body-(.+?)"
        },
        "columns":["content"],
        "transverse":["<div class='main section' id='main'>","<div class='widget Blog' data-version='${@regex(.+?)}' id='${@regex(.+?)}'>","<div class='blog-posts hfeed'>","<div class=\"date-outer\">","<div class=\"date-posts\">","<div class='post-outer'>","<div class='post hentry' itemprop='blogPost' itemscope='itemscope' itemtype='http:\/\/schema.org\/BlogPosting'>","<meta content='${@regex(.+?)}' itemprop='${@regex(.+?)}'\/> <meta content='${@regex(.+?)}' itemprop='${@regex(.+?)}'\/> <meta content='${@regex(.+?)}' itemprop='${@regex(.+?)}'\/> <A> <h3 class='post-title entry-title' itemprop='name'> <div class='post-header'> <div class='post-body entry-content' id='post-body-${@regex(.+?)}' itemprop='description articleBody'>"],
        "value":"DIV"
    },
    "targetNode4":{
        "append":false,
        "attributes":{
            "itemprop":"name"
        },
        "columns":["author"],
        "transverse":["<div class='main section' id='main'>","<div class='widget Blog' data-version='${@regex(.+?)}' id='${@regex(.+?)}'>","<div class='blog-posts hfeed'>","<div class=\"date-outer\">","<div class=\"date-posts\">","<div class='post-outer'>","<div class='post hentry' itemprop='blogPost' itemscope='itemscope' itemtype='http:\/\/schema.org\/BlogPosting'>","<div class='post-footer'>","<div class='${@regex(.+?)}'>","<span class='post-author vcard'>","<span class='fn' itemprop='author' itemscope='itemscope' itemtype='http:\/\/schema.org\/Person'>","<A>","<span itemprop='name'>"],
        "value":"SPAN"
    },
    "targetNode5":{
        "append":false,
        "attributes":{
            "class":"date-header"
        },
        "columns":["feeddate"],
        "nodeTypesToAccept":["text"],
        "transverse":["<div class='main section' id='main'>","<div class='widget Blog' data-version='${@regex(.+?)}' id='${@regex(.+?)}'>","<div class='blog-posts hfeed'>","<div class=\"date-outer\">","<h2 class='date-header'>"],
        "value":"H2"
    },
    "url":{
        "_note":"http:\/\/lindaikeji.blogspot.com\/ redirects to http:\/\/lindaikejisblog.com\/",
        "start":"http:\/\/lindaikejisblog.com\/",
        "value":"http:\/\/lindaikejisblog.com\/"
    }
}