{
    "captureUrlFilter_requiredRegex":"\/new\/\\w+?-\\w+?-",
    "targetNode0":{
        "append":false,
        "attributes":{
            "class":"entry-content"
        },
        "columns":["content"],
        "transverse":["<HTML>","<BODY>","<div class=\"boxed-wrap clearfix\">","<div class=\"navigation-inner\">","<div class=\"${regex(.+?)}\"itemscope itemtype=\"http:\/\/schema.org\/Article\">","<h1 class=\"post-tile entry-title\" itemprop=\"name\"> <div class=\"mom-post-meta single-post-meta\"> <div class=\"top-socialshare\"> <div class=\"feature-img\"> <div class=\"entry-content\">"],
        "value":"DIV"
    },
    "url":{
        "start":"http:\/\/thenationonlineng.net\/category\/news\/",
        "value":"http:\/\/thenationonlineng.net"
    }
}