{
    "captureUrlFilter_requiredRegex":"\/\\d{4}\/\\d{1,2}\/",
    "captureUrlFilter_requiredRegex_comment":"For \/yyyy\/MM\/ Example: \/2014\/11\/",
    "datePatterns_comment":"Example: 2015-01-08T01:03:50+00:00 OR October 11, 2015",
    "datePatterns":["yyyy-MM-dd'T'HH:mm:ss","MMMM dd, yyyy"],
    "targetNode0":{
        "append":false,
        "attributes":{
            "itemprop":"articleBody",
            "class":"entry entry-content"
        },
        "columns":["content"],
        "transverse":["<div id=\"content\">","<div id=\"main\" role=\"main\">","<article class=\"post-${@regex(.+?)}\" itemscope itemtype=\"http:\/\/schema.org\/NewsArticle\">","<div id=\"entryContainer\">","<div class=\"entry entry-content\" itemprop=\"articleBody\">"],
        "value":"DIV"
    },
    "targetNode1":{
        "append":false,
        "attributesRegex":{
            "itemprop":"datePublished",
            "class":"meta-time updated",
            "datetime":".+?"
        },
        "columns":["feeddate"],
        "nodeTypesToAccept":["text"],
        "transverse":["<div id=\"content\">","<div id=\"main\" role=\"main\">","<article class=\"post-${@regex(.+?)}\" itemscope itemtype=\"http:\/\/schema.org\/NewsArticle\">","<p class=\"metaStuff\">","<time class=\"meta-time updated\" datetime=\"${@regex(.+?)}\" itemprop=\"datePublished\">"],
        "value":"TIME"
    },
    "targetNode2":{
        "append":false,
        "attributesRegex":{
            "itemprop":"datePublished",
            "class":"meta-time updated",
            "datetime":".+?"
        },
        "attributesToExtract":["datetime"],
        "columns":["feeddate"],
        "nodeTypesToAccept":["tag"],
        "nodesToRetainAttributes":["TIME"],
        "transverse":["<div id=\"content\">","<div id=\"main\" role=\"main\">","<article class=\"post-${@regex(.+?)}\" itemscope itemtype=\"http:\/\/schema.org\/NewsArticle\">","<p class=\"metaStuff\">","<time class=\"meta-time updated\" datetime=\"${@regex(.+?)}\" itemprop=\"datePublished\">"],
        "value":"TIME"
    },
    "targetNode3":{
        "append":false,
        "columns":["author"],
        "transverse":["<div id=\"content\">","<div id=\"main\" role=\"main\">","<article class=\"post-${@regex(.+?)}\" itemscope itemtype=\"http:\/\/schema.org\/NewsArticle\">","<div id=\"entryContainer\">","<div class=\"entry entry-content\" itemprop=\"articleBody\">","<p>"],
        "value":"P"
    },
    "targetNode4":{
        "append":false,
        "attributes":{
            "itemprop":"name",
            "class":"entry-title posttitle"
        },
        "columns":["title"],
        "transverse":["<div id=\"content\">","<div id=\"main\" role=\"main\">","<article class=\"post-${@regex(.+?)}\" itemscope itemtype=\"http:\/\/schema.org\/NewsArticle\">","<h1 class=\"entry-title posttitle\" itemprop=\"name\">"],
        "value":"H1"
    },
    "url":{
        "start":"http:\/\/www.vanguardngr.com\/news\/",
        "value":"http:\/\/www.vanguardngr.com\/news\/"
    }
}