{
    "scrappUrlFilter_requiredRegex":"\/news\/\\d{3,}\/",
    "scrappUrlFilter_requiredRegex_comment":"For Example: \/news\/407999\/chad-niger-cameroon-forces-reclaim-nigerian-territories\/",
    "datePatterns":["MMM d, yyyy h:mm a","MMM dd',' yyyy","MMM dd, yyyy","MMM dd yyyy"],
    "datePatterns_comment":"(Oct 9, 2015 6:11 am = MMM d, yyyy h:mm a)(Jan 31, 2015 = MMM dd, yyyy)",
    "targetNode0":{
        "append":false,
        "attributes":{
            "class":"elements-box"
        },
        "columns":["content"],
        "nodeTypesToAccept":["tag","text"],
        "transverse":["<HTML>","<BODY>","<div id=\"main-content\" class=\"clearfix\">","<div class=\"wrapper\">","<div class=\"main-col\">","<div id=\"post-${@regex(.+?)}\" class=\"post-${@regex(.+?)}\">","<div class=\"elements-box\">"],
        "value":"DIV"
    },
    "targetNode1":{
        "append":false,
        "attributes":{
            "class":"entry-date"
        },
        "columns":["feeddate"],
        "nodeTypesToAccept":["text"],
        "transverse":["<HTML>","<BODY>","<div id=\"main-content\" class=\"clearfix\">","<div class=\"wrapper\">","<div class=\"main-col\">","<div id=\"post-${@regex(.+?)}\" class=\"post-${@regex(.+?)}\">","<div class=\"entry-thumb\"> <header> <h4 class=\"entry-title\"> <p class=\"byline\"> <span class=\"entry-date\">"],
        "value":"SPAN"
    },
    "targetNode2":{
        "append":false,
        "attributes":{
            "class":"byline"
        },
        "columns":["author"],
        "nodeTypesToAccept":["text"],
        "transverse":["<HTML>","<BODY>","<div id=\"main-content\" class=\"clearfix\">","<div class=\"wrapper\">","<div class=\"main-col\">","<div id=\"post-${@regex(.+?)}\" class=\"post-${@regex(.+?)}\">","<div class=\"entry-thumb\"> <header> <h4 class=\"entry-title\"> <p class=\"byline\">"],
        "value":"P"
    },
    "targetNode3":{
        "append":false,
        "attributes":{
            "class":"entry-title"
        },
        "columns":["title"],
        "transverse":["<HTML>","<BODY>","<div id=\"main-content\" class=\"clearfix\">","<div class=\"wrapper\">","<div class=\"main-col\">","<div id=\"post-${@regex(.+?)}\" class=\"post-${@regex(.+?)}\">","<div class=\"entry-thumb\"> <header> <h4 class=\"entry-title\">"],
        "value":"H4"
    },
    "url":{
        "start":"http:\/\/leadership.ng\/news\/",
        "value":"http:\/\/leadership.ng"
    }
}