{
    "scrappUrlFilter_requiredRegex":"\/\\d{4}\/\\d{1,2}\/",
    "scrappUrlFilter_requiredRegex_comment":"For Example: \/2015\/02\/the-president-is-available\/",
    "datePatterns":["MMMM dd, yyyy H:mm a","EEEE, dd MMMM yyyy HH:mm","EEEE, dd MMMM, yyyy HH:mm"],
    "datePatterns_comment0":"Example: October 10, 2015 5:03 am",
    "datePatterns_comment1":"Example: Saturday, 31 January 2015 04:23",
    "defaultValues":{
        "author":"Nigerian Guardian",
        "categories":"news,nigeria"
    },
    "isTitleInUrl":true,
    "targetNode0":{
        "append":false,
        "attributes":{
            "class":"cotent-text"
        },
        "columns":["content"],
        "transverse":["<HTML>","<head>","<div class=\"main-single\">","<div class=\"content-single\">","<div class=\"singlepage-title\"> <div class=\"meta_author\"> <div class=\"cotent-text\">"],
        "value":"DIV"
    },
    "targetNode1":{
        "append":false,
        "attributes":{
            "class":"meta_author"
        },
        "columns":["feeddate"],
        "nodeTypesToAccept":["text"],
        "transverse":["<HTML>","<head>","<div class=\"main-single\">","<div class=\"content-single\">","<div class=\"singlepage-title\"> <div class=\"meta_author\">"],
        "value":"DIV"
    },
    "targetNode2":{
        "append":false,
        "attributes":{
            "class":"meta_author"
        },
        "columns":["author"],
        "nodeTypesToAccept":["text"],
        "transverse":["<HTML>","<head>","<div class=\"main-single\">","<div class=\"content-single\">","<div class=\"singlepage-title\"> <div class=\"meta_author\">"],
        "value":"DIV"
    },
    "targetNode3":{
        "append":false,
        "attributes":{
            "class":"singlepage-title"
        },
        "columns":["title"],
        "nodeTypesToAccept":["text"],
        "transverse":["<HTML>","<head>","<div class=\"main-single\">","<div class=\"content-single\">","<div class=\"singlepage-title\">"],
        "value":"DIV"
    },
    "url":{
        "start":"http:\/\/ngrguardiannews.com\/news\/national",
        "value":"http:\/\/ngrguardiannews.com"
    }
}