{
    "scrappUrlFilter_requiredRegex_comment":"For Example: \/new\/the-president-has-arrived\/",
    "scrappUrlFilter_requiredRegex":"\/.+?-.+?",
    "datePatterns_comment":"Example: 2015-01-23T01:03:50+00:00",
    "datePatterns":["yyyy-MM-dd'T'HH:mm:ss", "dd'st' MMMM yyyy", "d'st' MMMM yyyy", "dd'nd' MMMM yyyy", "d'nd' MMMM yyyy", "dd'rd' MMMM yyyy", "d'rd' MMMM yyyy", "dd'th' MMMM yyyy", "d'th' MMMM yyyy"],
    "defaultValues":{ 
        "author":"Sunnews Online",
        "categories":"news,sunnews"
    },
    "targetNode0":{
        "append":false,
        "attributes":{
            "class":"post-content description ",
            "itemprop":"articleBody"
        },
        "columns":["content"],
        "value":"DIV"
    },
    "targetNode1":{
        "append":false,
        "attributesRegex":{
            "itemprop":"datePublished",
            "class":"value-datetime",
            "datetime":".+?"
        },
        "attributesToExtract":["datetime"],
        "columns":["feeddate"],
        "nodeTypesToAccept":["tag"],
        "nodesToRetainAttributes":["TIME"],
        "transverse":["<HTML>","<BODY>","<div class=\"main-wrap\">","<div class=\"main wrap cf\">","<div class=\"row\">","<div class=\"col-8 main-content\">","<article id=\"post-${@regex(.+?)}\" class=\"post-${@regex(.+?)}\" itemscope itemtype=\"http:\/\/schema.org\/Article\">","<div class=\"post-meta\">","<span class=\"posted-on\">","<span class=\"dtreviewed\">","<time class=\"value-datetime\" datetime=\"${@regex(.+?)}\" itemprop=\"datePublished\">"],
        "value":"TIME"
    },
    "url":{
        "start":"http:\/\/sunnewsonline.com\/",
        "value":"http:\/\/sunnewsonline.com"
    }
}